mAP,Hamming Loss
0.9782863840320339,0.02560067681895093
