mAP,F1-micro,F1-macro,Precision,Recall,Hamming Loss
0.2826810297568291,0.029917472933154204,0.033878681232405325,0.02201142933085255,0.04668616327824953,0.045315988933505046
