mAP,Hamming Loss
0.9763134370938955,0.026869712351945855
