mAP,Hamming Loss
0.9406513924031072,0.031012476088906945
