mAP,Hamming Loss
0.08079653382097826,0.0693428012462865
