mAP,Hamming Loss
0.13398485502810153,0.05043583136889425
