mAP,Hamming Loss
0.16116959764603014,0.05092847949990807
