mAP,Hamming Loss
0.24130164070594748,0.032175032175032175
