mAP,Hamming Loss
0.13344651398303492,0.041986172218730355
