mAP,Hamming Loss
0.054001615226461935,0.07343086888541434
