mAP,Hamming Loss
0.16149411224240415,0.05581668625146886
