mAP,Hamming Loss
0.18750958281935415,0.032255873964416676
