mAP,Hamming Loss
0.2102455358497474,0.07317546348501934
