mAP,Hamming Loss
0.9089085598330898,0.07883562605277934
