mAP,Hamming Loss
0.9508670067412228,0.07884439921392476
