mAP,Hamming Loss
0.9404577096550577,0.07000334784064279
