Component,Time (ms/frame)
Classifier,0.5672938473402104
Random Walk,0.0015775896584717588
Total Latency,0.5688714369986821
