mAP,Hamming Loss
0.7353277723525793,0.08949231452387808
