mAP,Hamming Loss
0.91953246131459,0.07000334784064279
