mAP,Hamming Loss
0.722737503326782,0.08876769747923978
