mAP,Hamming Loss
0.9141983306844321,0.06969088271398281
