mAP,Hamming Loss
0.9195221251958854,0.026869712351945855
